ProjectId,ProjectName,Date
FoodDeliveryProject,FoodDeliveryProject,2023-11-18 17:58:29+00:00
FoodDeliveryProject,FoodDeliveryProject,2023-11-18 19:53:15+00:00
FoodDeliveryProject,FoodDeliveryProject,2023-11-26 10:16:56+00:00
FoodDeliveryProject,FoodDeliveryProject,2023-11-26 10:18:14+00:00
FoodDeliveryProject,FoodDeliveryProject,2023-11-26 12:00:42+00:00
FoodDeliveryProject,FoodDeliveryProject,2023-11-27 18:13:35+00:00
FoodDeliveryProject,FoodDeliveryProject,2023-11-27 20:10:47+00:00
FoodDeliveryProject,FoodDeliveryProject,2023-11-27 20:47:48+00:00
FoodDeliveryProject,FoodDeliveryProject,2023-11-27 21:05:23+00:00
FoodDeliveryProject,FoodDeliveryProject,2023-11-27 22:37:05+00:00
FoodDeliveryProject,FoodDeliveryProject,2023-11-28 13:40:14+00:00
FoodDeliveryProject,FoodDeliveryProject,2023-11-29 15:20:10+00:00
FoodDeliveryProject,FoodDeliveryProject,2023-12-05 22:49:36+00:00
FoodDeliveryProject,FoodDeliveryProject,2023-12-09 22:07:56+00:00
FoodDeliveryProject,FoodDeliveryProject,2023-12-09 22:18:48+00:00
FoodDeliveryProject,FoodDeliveryProject,2023-12-09 22:40:51+00:00
